{"options":{"check_for_updates":true,"comment":null,"compat_foreach":false,"compat_metadata":false,"compat_powerful_this":null,"compat_wrappedjsobject":false,"compatopts_for_requires":true,"noframes":null,"override":{"merge_connects":true,"merge_excludes":true,"merge_includes":true,"merge_matches":true,"orig_connects":[],"orig_excludes":[],"orig_includes":[],"orig_matches":["*://www.notion.so/*","*://*.notion.site/*"],"orig_noframes":null,"orig_run_at":"document-start","use_blockers":[],"use_connects":[],"use_excludes":[],"use_includes":[],"use_matches":[]},"run_at":null,"sandbox":null,"tab_types":null,"unwrap":null},"settings":{"enabled":true,"position":1},"meta":{"name":"Notion-zh_CN notion的汉化脚本","uuid":"eeaf28f1-e9d8-45bc-adc7-0df891d56426","modified":1695278704767,"file_url":"https://greasyfork.org/scripts/430116-notion-zh-cn-notion%E7%9A%84%E6%B1%89%E5%8C%96%E8%84%9A%E6%9C%AC/code/Notion-zh_CN%20notion%E7%9A%84%E6%B1%89%E5%8C%96%E8%84%9A%E6%9C%AC.user.js"}}