{"options":{"check_for_updates":true,"comment":null,"compat_foreach":false,"compat_metadata":false,"compat_powerful_this":null,"compat_wrappedjsobject":false,"compatopts_for_requires":true,"noframes":null,"override":{"merge_connects":true,"merge_excludes":true,"merge_includes":true,"merge_matches":true,"orig_connects":["wedata.net","githubusercontent.com","ghproxy.com","hoothin.github.io","*"],"orig_excludes":[],"orig_includes":[],"orig_matches":["*://*/*"],"orig_noframes":null,"orig_run_at":"document-idle","use_blockers":[],"use_connects":["*"],"use_excludes":["/^[^:/#?]*:\\/\\/([^#?/]*\\.)?mall\\.jd\\.com(:[0-9]{1,5})?\\/.*$/","/^[^:/#?]*:\\/\\/([^#?/]*\\.)?www\\.btnull\\.org(:[0-9]{1,5})?\\/.*$/"],"use_includes":[],"use_matches":[]},"run_at":null,"sandbox":null,"tab_types":null,"unwrap":null},"settings":{"enabled":true,"position":2},"meta":{"name":"Pagetual","uuid":"8911a024-34f2-4a69-a4ee-ad1fb6ffc94d","modified":1695016042597,"file_url":"https://greasyfork.org/scripts/438684-pagetual/code/Pagetual.user.js"}}