{"options":{"check_for_updates":true,"comment":null,"compat_foreach":false,"compat_metadata":false,"compat_powerful_this":null,"compat_wrappedjsobject":false,"compatopts_for_requires":true,"noframes":null,"override":{"merge_connects":true,"merge_excludes":true,"merge_includes":true,"merge_matches":true,"orig_connects":[],"orig_excludes":["https://twitter.com/account/*"],"orig_includes":[],"orig_matches":["https://twitter.com/*","https://mobile.twitter.com/*","https://tweetdeck.twitter.com/*"],"orig_noframes":null,"orig_run_at":"document-end","use_blockers":[],"use_connects":[],"use_excludes":[],"use_includes":[],"use_matches":[]},"run_at":null,"sandbox":null,"tab_types":null,"unwrap":null},"settings":{"enabled":true,"position":4},"meta":{"name":"Twitter Block Porn","uuid":"17cfc509-e642-4cfa-88da-a784b15933ba","modified":1694355738762,"file_url":"https://greasyfork.org/scripts/470359-twitter-block-porn/code/Twitter%20Block%20Porn.user.js"}}