{"options":{"check_for_updates":true,"comment":null,"compat_foreach":false,"compat_metadata":false,"compat_powerful_this":null,"compat_wrappedjsobject":false,"compatopts_for_requires":true,"noframes":null,"override":{"merge_connects":true,"merge_excludes":true,"merge_includes":true,"merge_matches":true,"orig_connects":[],"orig_excludes":[],"orig_includes":[],"orig_matches":["https://twitter.com/*","https://mobile.twitter.com/*","https://pbs.twimg.com/media/*"],"orig_noframes":null,"orig_run_at":"document-idle","use_blockers":[],"use_connects":[],"use_excludes":[],"use_includes":[],"use_matches":[]},"run_at":null,"sandbox":null,"tab_types":null,"unwrap":null},"settings":{"enabled":true,"position":7},"meta":{"name":"Twitterᴾˡᵘˢ (View Twitter Origin Images)","uuid":"5760fb6c-5de8-4e69-94c4-42d3bb69ed86","modified":1694927716622,"file_url":"https://greasyfork.org/scripts/387969-twitter%E1%B4%BE%CB%A1%E1%B5%98%CB%A2-view-twitter-origin-images/code/Twitter%E1%B4%BE%CB%A1%E1%B5%98%CB%A2%20(View%20Twitter%20Origin%20Images).user.js"}}