{"options":{"check_for_updates":true,"comment":null,"compat_foreach":false,"compat_metadata":false,"compat_powerful_this":null,"compat_wrappedjsobject":false,"compatopts_for_requires":true,"noframes":null,"override":{"merge_connects":true,"merge_excludes":true,"merge_includes":true,"merge_matches":true,"orig_connects":["*"],"orig_excludes":[],"orig_includes":[],"orig_matches":["*://*twitter.com/*"],"orig_noframes":true,"orig_run_at":"document-idle","use_blockers":[],"use_connects":[],"use_excludes":[],"use_includes":[],"use_matches":[]},"run_at":null,"sandbox":null,"tab_types":null,"unwrap":null},"settings":{"enabled":true,"position":8},"meta":{"name":"Twitter - Add notes to the user","uuid":"37eafdb4-b2b9-410e-99b0-9ac923e94f0d","modified":1694927758282,"file_url":"https://greasyfork.org/scripts/404587-twitter-add-notes-to-the-user/code/Twitter%20-%20Add%20notes%20to%20the%20user.user.js"}}