{"options":{"check_for_updates":true,"comment":null,"compat_foreach":false,"compat_metadata":false,"compat_powerful_this":null,"compat_wrappedjsobject":false,"compatopts_for_requires":true,"noframes":null,"override":{"merge_connects":true,"merge_excludes":true,"merge_includes":true,"merge_matches":true,"orig_connects":[],"orig_excludes":[],"orig_includes":[],"orig_matches":["https://twitter.com/home","https://twitter.com"],"orig_noframes":null,"orig_run_at":"document-idle","use_blockers":[],"use_connects":[],"use_excludes":[],"use_includes":[],"use_matches":[]},"run_at":null,"sandbox":null,"tab_types":null,"unwrap":null},"settings":{"enabled":true,"position":10},"meta":{"name":"隐藏转推和ad (Twitter hide retweet)","uuid":"051e226a-5e56-4063-add7-10ae0f08907e","modified":1694928012508,"file_url":"https://greasyfork.org/scripts/465279-%E9%9A%90%E8%97%8F%E8%BD%AC%E6%8E%A8%E5%92%8Cad-twitter-hide-retweet/code/%E9%9A%90%E8%97%8F%E8%BD%AC%E6%8E%A8%E5%92%8Cad%20(Twitter%20hide%20retweet).user.js"}}